{
    "father node": 0,
    "modification": "No modification due to error in LLM output",
    "before": 0.04240279095238093,
    "after": 0.04402553190476188,
    "succeed": true
}