{
    "father node": 0,
    "modification": "modify",
    "before": 0.04240279095238093,
    "after": 0.05146724809523807,
    "succeed": true
}